<?xml version="1.0" encoding="UTF-8"?>
<rss version="2.0" xmlns:ror="http://rorweb.com/0.1/" >
<channel>
  <title>ROR Sitemap for https://colpilar.github.io/iecolpilarcucuta/index.html</title>
  <link>https://colpilar.github.io/iecolpilarcucuta/index.html</link>

<item>
     <link>https://colpilar.github.io/iecolpilarcucuta/index.html</link>
     <title>Colpilar Cúcuta</title>
     <description>Colpilar Cúcuta</description>
     <ror:updatePeriod></ror:updatePeriod>
     <ror:sortOrder>0</ror:sortOrder>
     <ror:resourceOf>sitemap</ror:resourceOf>
</item>
<item>
     <link>https://colpilar.github.io/iecolpilarcucuta/about.html</link>
     <title>Colpilar Cúcuta</title>
     <description>Colpilar Cúcuta</description>
     <ror:updatePeriod></ror:updatePeriod>
     <ror:sortOrder>1</ror:sortOrder>
     <ror:resourceOf>sitemap</ror:resourceOf>
</item>
<item>
     <link>https://colpilar.github.io/iecolpilarcucuta/calendar.html</link>
     <title>Colpilar Cúcuta</title>
     <description>Colpilar Cúcuta</description>
     <ror:updatePeriod></ror:updatePeriod>
     <ror:sortOrder>1</ror:sortOrder>
     <ror:resourceOf>sitemap</ror:resourceOf>
</item>
<item>
     <link>https://colpilar.github.io/iecolpilarcucuta/contact.html</link>
     <title>Colpilar Cúcuta</title>
     <description>Colpilar Cúcuta</description>
     <ror:updatePeriod></ror:updatePeriod>
     <ror:sortOrder>1</ror:sortOrder>
     <ror:resourceOf>sitemap</ror:resourceOf>
</item>
</channel>
</rss>
  